Nombre de usuario,Email,Contraseña
JohnDoe,johndoe@example.com,passw0rd1
EmilySmith,emilysmith@example.com,passw0rd2
DavidJohnson,davidjohnson@example.com,passw0rd3
SarahWilliams,sarahwilliams@example.com,passw0rd4
MichaelBrown,michaelbrown@example.com,passw0rd5
JenniferLee,jenniferlee@example.com,passw0rd6
ChristopherTaylor,christophertaylor@example.com,passw0rd7
JessicaDavis,jessicadavis@example.com,passw0rd8
MatthewMiller,matthewmiller@example.com,passw0rd9
OliviaAnderson,oliviaanderson@example.com,passw0rd10
AndrewThomas,andrewthomas@example.com,passw0rd11
SophiaWilson,sophiawilson@example.com,passw0rd12
JamesClark,jamesclark@example.com,passw0rd13
AvaMoore,avamoore@example.com,passw0rd14
BenjaminYoung,benjaminyoung@example.com,passw0rd15
MiaWalker,miawalker@example.com,passw0rd16
EthanHall,ethanhall@example.com,passw0rd17
IsabellaAllen,isabellaallen@example.com,passw0rd18
JacobGonzalez,jacobgonzalez@example.com,passw0rd19
ElizabethScott,elizabethscott@example.com,passw0rd20
WilliamGreen,williamgreen@example.com,passw0rd21
SophiaLewis,sophialewis@example.com,passw0rd22
AlexanderKing,alexanderking@example.com,passw0rd23
GraceHill,gracehill@example.com,passw0rd24
DanielWard,danielward@example.com,passw0rd25
LilyTurner,lilyturner@example.com,passw0rd26
JacksonMorgan,jacksonmorgan@example.com,passw0rd27
VictoriaYoung,victoriayoung@example.com,passw0rd28
SamuelLee,samuellee@example.com,passw0rd29
NatalieBrown,nataliebrown@example.com,passw0rd30
RyanHernandez,ryanhernandez@example.com,passw0rd31
GraceMitchell,gracemitchell@example.com,passw0rd32
AndrewWard,andrewward@example.com,passw0rd33
AvaCole,avacole@example.com,passw0rd34
WilliamReed,williamreed@example.com,passw0rd35
EmilyHill,emilyhill@example.com,passw0rd36
DanielTurner,danielturner@example.com,passw0rd37
OliviaCox,oliviacox@example.com,passw0rd38
BenjaminPowell,benjaminpowell@example.com,passw0rd39
HarperScott,harperscott@example.com,passw0rd40
SamuelMiller,samuelmiller@example.com,passw0rd41
AvaWilson,avawilson@example.com,passw0rd42
SophiaThompson,sophiathompson@example.com,passw0rd43
EthanGonzalez,ethangonzalez@example.com,passw0rd44
MiaAllen,miaallen@example.com,passw0rd45
AlexanderBaker,alexanderbaker@example.com,passw0rd46
EmilyPerez,emilyperez@example.com,passw0rd47
JamesCook,jamescook@example.com,passw0rd48
IsabellaBennett,isabellabennett@example.com,passw0rd49
DavidFoster,davidfoster@example.com,passw0rd50
